<?xml version="1.0"?>
<opencv_storage>
<cascade>
  <stageType>BOOST</stageType>
  <featureType>HAAR</featureType>
  <height>50</height>
  <width>50</width>
  <stageParams>
    <boostType>GAB</boostType>
    <minHitRate>9.9998998641967773e-01</minHitRate>
    <maxFalseAlarm>5.0000000000000000e-01</maxFalseAlarm>
    <weightTrimRate>9.4999999999999996e-01</weightTrimRate>
    <maxDepth>1</maxDepth>
    <maxWeakCount>100</maxWeakCount></stageParams>
  <featureParams>
    <maxCatCount>0</maxCatCount>
    <featSize>1</featSize>
    <mode>BASIC</mode></featureParams>
  <stageNum>5</stageNum>
  <stages>
    <!-- stage 0 -->
    <_>
      <maxWeakCount>1</maxWeakCount>
      <stageThreshold>1.</stageThreshold>
      <weakClassifiers>
        <_>
          <internalNodes>
            0 -1 1 -1.7146585742011666e-03</internalNodes>
          <leafValues>
            -1. 1.</leafValues></_></weakClassifiers></_>
    <!-- stage 1 -->
    <_>
      <maxWeakCount>1</maxWeakCount>
      <stageThreshold>1.</stageThreshold>
      <weakClassifiers>
        <_>
          <internalNodes>
            0 -1 0 8.8124843314290047e-03</internalNodes>
          <leafValues>
            1. -1.</leafValues></_></weakClassifiers></_>
    <!-- stage 2 -->
    <_>
      <maxWeakCount>1</maxWeakCount>
      <stageThreshold>1.</stageThreshold>
      <weakClassifiers>
        <_>
          <internalNodes>
            0 -1 4 4.9224374815821648e-03</internalNodes>
          <leafValues>
            1. -1.</leafValues></_></weakClassifiers></_>
    <!-- stage 3 -->
    <_>
      <maxWeakCount>1</maxWeakCount>
      <stageThreshold>9.2000001668930054e-01</stageThreshold>
      <weakClassifiers>
        <_>
          <internalNodes>
            0 -1 3 3.2700414885766804e-04</internalNodes>
          <leafValues>
            9.2000001668930054e-01 -1.</leafValues></_></weakClassifiers></_>
    <!-- stage 4 -->
    <_>
      <maxWeakCount>1</maxWeakCount>
      <stageThreshold>1.</stageThreshold>
      <weakClassifiers>
        <_>
          <internalNodes>
            0 -1 2 -1.3338953722268343e-03</internalNodes>
          <leafValues>
            -1. 1.</leafValues></_></weakClassifiers></_></stages>
  <features>
    <_>
      <rects>
        <_>
          0 0 22 46 -1.</_>
        <_>
          0 23 22 23 2.</_></rects>
      <tilted>0</tilted></_>
    <_>
      <rects>
        <_>
          0 0 50 50 -1.</_>
        <_>
          0 25 50 25 2.</_></rects>
      <tilted>0</tilted></_>
    <_>
      <rects>
        <_>
          0 5 30 45 -1.</_>
        <_>
          0 20 30 15 3.</_></rects>
      <tilted>0</tilted></_>
    <_>
      <rects>
        <_>
          10 0 24 46 -1.</_>
        <_>
          10 0 12 23 2.</_>
        <_>
          22 23 12 23 2.</_></rects>
      <tilted>0</tilted></_>
    <_>
      <rects>
        <_>
          29 0 18 50 -1.</_>
        <_>
          29 25 18 25 2.</_></rects>
      <tilted>0</tilted></_></features></cascade>
</opencv_storage>
